name,phone,exp_date,card
qoo tgdabqne,+38089987313,07/23,8050 5999 2705 9951
mocenbr qtnbz,+38014397130,06/30,6896 6425 3329 5510
ibttjn ravn,+38049828750,01/28,7018 7641 0407 6297
ups wdtklk,+38025524302,12/25,3356 0865 6754 7330
xagaocq gzl,+38036367205,05/28,8332 7433 3252 9579
xkrqepu jpjr,+38029607922,03/27,3833 0956 1914 4089
mjfqg auq,+38080780144,06/21,5371 9006 8246 8699
rvnoxq lmxztv,+38045083333,10/20,7124 3530 9120 5246
jox avlqbtra,+38068349869,01/24,6060 3680 1130 1381
zwbdxql ravn,+38098106215,03/21,4269 9906 4304 7794
skzrurp imrqww,+38005370801,08/29,3366 7034 7972 1656
vijqndn mhhks,+38018097478,10/25,5467 6086 2265 7716
jxsqxvd ivhmbze,+38098604985,05/21,9265 0797 5620 8364
ewk oat,+38038015980,12/26,2356 5421 8704 6588
xkq yspkapxl,+38094052846,06/26,4487 2276 7259 9571
dpki mocenbr,+38051996168,05/28,4943 6673 1780 0403
sdleippb drogx,+38060761668,05/21,7671 9521 5637 5576
ztarlzw xagaocq,+38031620393,07/27,8827 3990 3004 1821
harptkz xdhias,+38026286026,02/29,9246 6017 9868 8172
lcmas avlqbtra,+38011432546,12/26,0378 0345 3102 0747
ejapzoza sdleippb,+38078147937,10/27,8990 3423 2508 4526
jpjr gglt,+38041409705,07/22,6145 5667 7520 3877
rvwdaig xdhias,+38093612124,05/20,0574 5659 4821 9879
jczn gqfbyu,+38089951294,02/25,3371 4506 9726 3009
qaccg sai,+38038090379,05/21,2611 3693 6742 5315
ddxxrqyc hzfbcixv,+38045814777,12/26,2984 4446 0986 1163
xdhias khfev,+38038014780,10/20,4395 7313 0468 8414
quz auq,+38073328782,11/19,2494 5692 5526 0676
munz mhhks,+38054071809,07/28,8485 3891 8535 2056
euns lmxztv,+38061579851,11/22,1479 3247 6166 5550
sfkw avlqbtra,+38055607646,02/22,0502 9570 5667 6488
prvzizox reqzejdu,+38041022153,05/25,2496 3064 3084 7529
qtnbz rflkipd,+38034885384,10/21,3096 8464 2689 4787
cbmljpu qaccg,+38046913472,04/21,6217 0168 3930 7097
sai euns,+38025637143,07/20,1899 6948 6075 3895
khfev ddxxrqyc,+38014932221,08/25,5951 0952 8214 2620
vjblbdi skzrurp,+38065722058,02/22,8175 7727 4957 6247
yrgvbu ypcv,+38080283476,04/29,1230 2097 0566 3857
rflkipd ewk,+38040634794,05/24,9890 5361 5455 7209
vallxt xagaocq,+38004794224,01/28,3631 0594 6181 8946
gfhnnd xkrqepu,+38024520727,12/29,6738 6924 8220 3587
oslr autrqmb,+38060531556,07/21,8966 4926 7148 2595
abd bmh,+38090085946,11/21,7936 8608 0831 3648
drogx zvawz,+38060890851,03/21,0540 7509 0793 7142
nfq autrqmb,+38053815821,04/27,4161 0957 2394 8273
yktcmuwd oslr,+38084549768,12/19,6174 2364 1745 9967
emtn apbgk,+38058914584,12/25,1718 8590 6547 1091
imrqww bjjdl,+38022639857,08/22,7381 3253 8687 8406
zqsjazol wdtklk,+38006869152,02/22,5591 1731 8552 1445
ons vallxt,+38043398313,10/19,9550 1641 2534 7938
gzl vallxt,+38060651640,07/19,3799 5586 4190 2618
ivhmbze jox,+38053709564,02/24,8640 5698 2589 7762
zvawz yktcmuwd,+38081926901,11/21,8775 6399 3937 8708
avlqbtra wcy,+38004700924,03/24,0051 6395 0210 4582
kgnwfiww reqzejdu,+38044866522,12/28,7038 6989 3556 2924
autrqmb bjjdl,+38065045415,08/27,2668 4406 3117 7328
wcy btzlpjqt,+38009537341,03/27,2672 2942 7345 6056
eidw auq,+38018338266,03/28,3892 9143 3044 3968
hzfbcixv rvnoxq,+38043593861,02/21,4453 0579 0194 2211
tourw sdleippb,+38063037750,06/21,3637 6311 1528 3638
oat ibttjn,+38014241801,01/29,4142 4487 5585 3160
reqzejdu sai,+38035453338,10/20,9454 1639 2634 5239
jkqrav emtn,+38003818643,02/24,2177 3803 9105 8288
rah jxk,+38085588950,03/23,2369 6709 7458 7765
auq wdtklk,+38086884823,05/25,5063 7916 9636 7081
elvfc qaccg,+38013907731,07/28,4776 8522 2889 2224
bmh yktcmuwd,+38044604029,10/25,9657 9208 2662 2360
vevlppp zqsjazol,+38025805138,04/25,4185 5628 4734 8439
rgmqwzt blr,+38021283271,09/23,3090 4508 7033 4174
wdtklk gglt,+38074569509,11/19,9188 3808 5423 8875
cifw ravn,+38083821959,10/22,9501 6312 4779 0227
tyc mqrrss,+38027994390,05/21,4534 3876 2038 7699
ypcv mjfqg,+38032080127,02/26,7378 3929 9303 1415
gglt tgdabqne,+38015955919,10/26,0274 7422 4303 9591
phlytc zwbdxql,+38024530434,05/27,1866 7137 0355 3216
btzlpjqt qaccg,+38094494139,05/25,0779 5572 4731 7840
blr oat,+38041626144,01/25,5348 4002 0919 3260
hfpbspei prvzizox,+38000157827,07/30,5731 6116 2298 6555
gtoo imrqww,+38073732507,07/22,8060 1823 0891 7338
hkhey kgnwfiww,+38065358138,10/21,9110 9201 1328 0683
wawu quz,+38095144913,08/27,4553 4161 2110 5317
ravn xdhias,+38044090435,03/27,5615 7754 3548 1314
gqfbyu vjblbdi,+38079418107,12/22,5571 5070 5951 8464
myhhb tyc,+38011082849,11/28,7957 5999 0101 3326
yspkapxl rvnoxq,+38058185101,09/19,9000 0601 2891 6959
lmxztv rvnoxq,+38033638893,12/27,0661 0037 4978 7962
zbph abd,+38005125085,12/27,8436 3320 8962 8626
qipenl ztarlzw,+38010682725,09/19,7717 7305 6748 6533
wjzswmxm rvnoxq,+38032097089,11/19,3031 2806 6483 9366
rzjz dpki,+38040953308,01/25,1135 2190 6790 5883
htvyxhux zwbdxql,+38067708018,01/21,6271 3278 0743 4322
